"","X","IID","Mat_Line","Drought_sev","Drought_len","Type","block_num","block_cell","block_cell_2"
"1",1,504,"NSW1079692","High",60,"Sample","71_money",1,17
"2",2,202,"NSW1079701","High",60,"Sample","71_money",1,17
"3",3,434,"NSW1078647","High",60,"Destructive","71_money",1,17
"4",4,135,"NSW1079714","High",60,"Destructive","71_money",1,17
"5",5,466,"NSW1079692","Low",60,"Sample","71_money",1,17
"6",6,167,"NSW1079701","Low",60,"Sample","71_money",1,17
"7",7,536,"NSW1078653","Low",60,"Sample","71_money",1,17
"8",8,468,"NSW1079692","Low",60,"Sample","71_money",1,17
"9",9,490,"NSW1079692","Mid",60,"Destructive","71_money",1,17
"10",10,556,"NSW1078653","Mid",60,"Sample","71_money",1,17
"11",11,34,"NSW1079717","Mid",60,"Sample","71_money",1,17
"12",12,110,"NSW1079714","Mid",60,"Sample","71_money",1,17
"13",13,120,"NSW1079714","High",30,"Sample","6_away",2,NA
"14",14,567,"NSW1078653","High",30,"Sample","6_away",2,NA
"15",15,342,"NSW1078656","High",30,"Sample","6_away",2,NA
"16",16,200,"NSW1079701","High",30,"Destructive","6_away",2,NA
"17",17,607,"NSW1079715","Low",30,"Sample","6_away",2,NA
"18",18,82,"NSW1079714","Low",30,"Sample","6_away",2,NA
"19",19,609,"NSW1079715","Low",30,"Destructive","6_away",2,NA
"20",20,3,"NSW1079717","Low",30,"Sample","6_away",2,NA
"21",21,476,"NSW1079692","Mid",30,"Sample","6_away",2,NA
"22",22,22,"NSW1079717","Mid",30,"Sample","6_away",2,NA
"23",23,473,"NSW1079692","Mid",30,"Sample","6_away",2,NA
"24",24,173,"NSW1079701","Mid",30,"Sample","6_away",2,NA
"25",25,416,"NSW1078647","High",30,"Sample","22_Mark",3,NA
"26",26,123,"NSW1079714","High",30,"Sample","22_Mark",3,NA
"27",27,717,"NSW1078641","High",30,"Sample","22_Mark",3,NA
"28",28,421,"NSW1078647","High",30,"Sample","22_Mark",3,NA
"29",29,229,"NSW1079677","Low",30,"Sample","22_Mark",3,NA
"30",30,451,"NSW1079692","Low",30,"Sample","22_Mark",3,NA
"31",31,233,"NSW1079677","Low",30,"Sample","22_Mark",3,NA
"32",32,81,"NSW1079714","Low",30,"Sample","22_Mark",3,NA
"33",33,174,"NSW1079701","Mid",30,"Sample","22_Mark",3,NA
"34",34,402,"NSW1078647","Mid",30,"Sample","22_Mark",3,NA
"35",35,551,"NSW1078653","Mid",30,"Sample","22_Mark",3,NA
"36",36,97,"NSW1079714","Mid",30,"Sample","22_Mark",3,NA
"37",37,428,"NSW1078647","High",60,"Sample","63_Mr.",4,25
"38",38,427,"NSW1078647","High",60,"Sample","63_Mr.",4,25
"39",39,655,"NSW1079715","High",60,"Sample","63_Mr.",4,25
"40",40,278,"NSW1079677","High",60,"Sample","63_Mr.",4,25
"41",41,386,"NSW1078647","Low",60,"Sample","63_Mr.",4,25
"42",42,18,"NSW1079717","Low",60,"Sample","63_Mr.",4,25
"43",43,616,"NSW1079715","Low",60,"Sample","63_Mr.",4,25
"44",44,391,"NSW1078647","Low",60,"Sample","63_Mr.",4,25
"45",45,640,"NSW1079715","Mid",60,"Destructive","63_Mr.",4,25
"46",46,256,"NSW1079677","Mid",60,"Sample","63_Mr.",4,25
"47",47,486,"NSW1079692","Mid",60,"Sample","63_Mr.",4,25
"48",48,190,"NSW1079701","Mid",60,"Destructive","63_Mr.",4,25
"49",49,192,"NSW1079701","High",30,"Sample","8_he",5,NA
"50",50,420,"NSW1078647","High",30,"Sample","8_he",5,NA
"51",51,43,"NSW1079717","High",30,"Sample","8_he",5,NA
"52",52,644,"NSW1079715","High",30,"Sample","8_he",5,NA
"53",53,530,"NSW1078653","Low",30,"Sample","8_he",5,NA
"54",54,527,"NSW1078653","Low",30,"Sample","8_he",5,NA
"55",55,4,"NSW1079717","Low",30,"Sample","8_he",5,NA
"56",56,383,"NSW1078647","Low",30,"Sample","8_he",5,NA
"57",57,471,"NSW1079692","Mid",30,"Sample","8_he",5,NA
"58",58,177,"NSW1079701","Mid",30,"Sample","8_he",5,NA
"59",59,179,"NSW1079701","Mid",30,"Destructive","8_he",5,NA
"60",60,702,"NSW1078641","Mid",30,"Sample","8_he",5,NA
"61",61,51,"NSW1079717","High",60,"Sample","54_has",6,7
"62",62,509,"NSW1079692","High",60,"Destructive","54_has",6,7
"63",63,735,"NSW1078641","High",60,"Destructive","54_has",6,7
"64",64,731,"NSW1078641","High",60,"Sample","54_has",6,7
"65",65,469,"NSW1079692","Low",60,"Destructive","54_has",6,7
"66",66,320,"NSW1078656","Low",60,"Destructive","54_has",6,7
"67",67,613,"NSW1079715","Low",60,"Sample","54_has",6,7
"68",68,244,"NSW1079677","Low",60,"Destructive","54_has",6,7
"69",69,189,"NSW1079701","Mid",60,"Destructive","54_has",6,7
"70",70,337,"NSW1078656","Mid",60,"Sample","54_has",6,7
"71",71,187,"NSW1079701","Mid",60,"Sample","54_has",6,7
"72",72,336,"NSW1078656","Mid",60,"Sample","54_has",6,7
"73",73,583,"NSW1078653","High",60,"Sample","55_paying",7,5
"74",74,729,"NSW1078641","High",60,"Sample","55_paying",7,5
"75",75,579,"NSW1078653","High",60,"Sample","55_paying",7,5
"76",76,126,"NSW1079714","High",60,"Sample","55_paying",7,5
"77",77,619,"NSW1079715","Low",60,"Destructive","55_paying",7,5
"78",78,170,"NSW1079701","Low",60,"Destructive","55_paying",7,5
"79",79,545,"NSW1078653","Low",60,"Destructive","55_paying",7,5
"80",80,390,"NSW1078647","Low",60,"Sample","55_paying",7,5
"81",81,561,"NSW1078653","Mid",60,"Sample","55_paying",7,5
"82",82,113,"NSW1079714","Mid",60,"Sample","55_paying",7,5
"83",83,259,"NSW1079677","Mid",60,"Sample","55_paying",7,5
"84",84,33,"NSW1079717","Mid",60,"Sample","55_paying",7,5
"85",85,510,"NSW1079692","High",60,"Destructive","53_then",8,24
"86",86,132,"NSW1079714","High",60,"Sample","53_then",8,24
"87",87,352,"NSW1078656","High",60,"Sample","53_then",8,24
"88",88,55,"NSW1079717","High",60,"Sample","53_then",8,24
"89",89,240,"NSW1079677","Low",60,"Sample","53_then",8,24
"90",90,20,"NSW1079717","Low",60,"Destructive","53_then",8,24
"91",91,318,"NSW1078656","Low",60,"Sample","53_then",8,24
"92",92,389,"NSW1078647","Low",60,"Sample","53_then",8,24
"93",93,38,"NSW1079717","Mid",60,"Sample","53_then",8,24
"94",94,410,"NSW1078647","Mid",60,"Sample","53_then",8,24
"95",95,482,"NSW1079692","Mid",60,"Sample","53_then",8,24
"96",96,257,"NSW1079677","Mid",60,"Sample","53_then",8,24
"97",97,205,"NSW1079701","High",60,"Sample","70_by",9,6
"98",98,506,"NSW1079692","High",60,"Sample","70_by",9,6
"99",99,210,"NSW1079701","High",60,"Destructive","70_by",9,6
"100",100,130,"NSW1079714","High",60,"Sample","70_by",9,6
"101",101,92,"NSW1079714","Low",60,"Sample","70_by",9,6
"102",102,691,"NSW1078641","Low",60,"Sample","70_by",9,6
"103",103,243,"NSW1079677","Low",60,"Sample","70_by",9,6
"104",104,238,"NSW1079677","Low",60,"Sample","70_by",9,6
"105",105,339,"NSW1078656","Mid",60,"Destructive","70_by",9,6
"106",106,111,"NSW1079714","Mid",60,"Sample","70_by",9,6
"107",107,114,"NSW1079714","Mid",60,"Destructive","70_by",9,6
"108",108,260,"NSW1079677","Mid",60,"Sample","70_by",9,6
"109",109,357,"NSW1078656","High",60,"Sample","73_she",10,10
"110",110,578,"NSW1078653","High",60,"Sample","73_she",10,10
"111",111,281,"NSW1079677","High",60,"Sample","73_she",10,10
"112",112,734,"NSW1078641","High",60,"Destructive","73_she",10,10
"113",113,539,"NSW1078653","Low",60,"Sample","73_she",10,10
"114",114,242,"NSW1079677","Low",60,"Sample","73_she",10,10
"115",115,95,"NSW1079714","Low",60,"Destructive","73_she",10,10
"116",116,236,"NSW1079677","Low",60,"Sample","73_she",10,10
"117",117,637,"NSW1079715","Mid",60,"Sample","73_she",10,10
"118",118,559,"NSW1078653","Mid",60,"Sample","73_she",10,10
"119",119,487,"NSW1079692","Mid",60,"Sample","73_she",10,10
"120",120,406,"NSW1078647","Mid",60,"Sample","73_she",10,10
"121",121,119,"NSW1079714","High",30,"Sample","3_then",11,NA
"122",122,341,"NSW1078656","High",30,"Sample","3_then",11,NA
"123",123,572,"NSW1078653","High",30,"Sample","3_then",11,NA
"124",124,343,"NSW1078656","High",30,"Sample","3_then",11,NA
"125",125,84,"NSW1079714","Low",30,"Destructive","3_then",11,NA
"126",126,76,"NSW1079714","Low",30,"Sample","3_then",11,NA
"127",127,80,"NSW1079714","Low",30,"Sample","3_then",11,NA
"128",128,376,"NSW1078647","Low",30,"Sample","3_then",11,NA
"129",129,396,"NSW1078647","Mid",30,"Sample","3_then",11,NA
"130",130,175,"NSW1079701","Mid",30,"Sample","3_then",11,NA
"131",131,249,"NSW1079677","Mid",30,"Sample","3_then",11,NA
"132",132,630,"NSW1079715","Mid",30,"Destructive","3_then",11,NA
"133",133,193,"NSW1079701","High",30,"Sample","21_money",12,NA
"134",134,347,"NSW1078656","High",30,"Sample","21_money",12,NA
"135",135,645,"NSW1079715","High",30,"Sample","21_money",12,NA
"136",136,121,"NSW1079714","High",30,"Sample","21_money",12,NA
"137",137,156,"NSW1079701","Low",30,"Sample","21_money",12,NA
"138",138,384,"NSW1078647","Low",30,"Destructive","21_money",12,NA
"139",139,9,"NSW1079717","Low",30,"Destructive","21_money",12,NA
"140",140,453,"NSW1079692","Low",30,"Sample","21_money",12,NA
"141",141,398,"NSW1078647","Mid",30,"Sample","21_money",12,NA
"142",142,626,"NSW1079715","Mid",30,"Sample","21_money",12,NA
"143",143,628,"NSW1079715","Mid",30,"Sample","21_money",12,NA
"144",144,250,"NSW1079677","Mid",30,"Sample","21_money",12,NA
"145",145,582,"NSW1078653","High",60,"Sample","52_Harry",13,14
"146",146,360,"NSW1078656","High",60,"Destructive","52_Harry",13,14
"147",147,501,"NSW1079692","High",60,"Sample","52_Harry",13,14
"148",148,127,"NSW1079714","High",60,"Sample","52_Harry",13,14
"149",149,464,"NSW1079692","Low",60,"Sample","52_Harry",13,14
"150",150,237,"NSW1079677","Low",60,"Sample","52_Harry",13,14
"151",151,688,"NSW1078641","Low",60,"Sample","52_Harry",13,14
"152",152,168,"NSW1079701","Low",60,"Sample","52_Harry",13,14
"153",153,484,"NSW1079692","Mid",60,"Sample","52_Harry",13,14
"154",154,706,"NSW1078641","Mid",60,"Sample","52_Harry",13,14
"155",155,37,"NSW1079717","Mid",60,"Sample","52_Harry",13,14
"156",156,481,"NSW1079692","Mid",60,"Sample","52_Harry",13,14
"157",157,346,"NSW1078656","High",30,"Sample","14_depicts",14,NA
"158",158,122,"NSW1079714","High",30,"Sample","14_depicts",14,NA
"159",159,495,"NSW1079692","High",30,"Sample","14_depicts",14,NA
"160",160,425,"NSW1078647","High",30,"Destructive","14_depicts",14,NA
"161",161,684,"NSW1078641","Low",30,"Destructive","14_depicts",14,NA
"162",162,456,"NSW1079692","Low",30,"Sample","14_depicts",14,NA
"163",163,306,"NSW1078656","Low",30,"Sample","14_depicts",14,NA
"164",164,529,"NSW1078653","Low",30,"Sample","14_depicts",14,NA
"165",165,621,"NSW1079715","Mid",30,"Sample","14_depicts",14,NA
"166",166,180,"NSW1079701","Mid",30,"Destructive","14_depicts",14,NA
"167",167,171,"NSW1079701","Mid",30,"Sample","14_depicts",14,NA
"168",168,321,"NSW1078656","Mid",30,"Sample","14_depicts",14,NA
"169",169,656,"NSW1079715","High",60,"Sample","61_novel",15,11
"170",170,204,"NSW1079701","High",60,"Sample","61_novel",15,11
"171",171,659,"NSW1079715","High",60,"Destructive","61_novel",15,11
"172",172,201,"NSW1079701","High",60,"Sample","61_novel",15,11
"173",173,395,"NSW1078647","Low",60,"Destructive","61_novel",15,11
"174",174,314,"NSW1078656","Low",60,"Sample","61_novel",15,11
"175",175,541,"NSW1078653","Low",60,"Sample","61_novel",15,11
"176",176,614,"NSW1079715","Low",60,"Sample","61_novel",15,11
"177",177,31,"NSW1079717","Mid",60,"Sample","61_novel",15,11
"178",178,40,"NSW1079717","Mid",60,"Destructive","61_novel",15,11
"179",179,185,"NSW1079701","Mid",60,"Sample","61_novel",15,11
"180",180,340,"NSW1078656","Mid",60,"Destructive","61_novel",15,11
"181",181,720,"NSW1078641","High",30,"Sample","2_Harry",16,NA
"182",182,648,"NSW1079715","High",30,"Sample","2_Harry",16,NA
"183",183,44,"NSW1079717","High",30,"Sample","2_Harry",16,NA
"184",184,124,"NSW1079714","High",30,"Destructive","2_Harry",16,NA
"185",185,457,"NSW1079692","Low",30,"Sample","2_Harry",16,NA
"186",186,676,"NSW1078641","Low",30,"Sample","2_Harry",16,NA
"187",187,157,"NSW1079701","Low",30,"Sample","2_Harry",16,NA
"188",188,77,"NSW1079714","Low",30,"Sample","2_Harry",16,NA
"189",189,549,"NSW1078653","Mid",30,"Sample","2_Harry",16,NA
"190",190,96,"NSW1079714","Mid",30,"Sample","2_Harry",16,NA
"191",191,178,"NSW1079701","Mid",30,"Sample","2_Harry",16,NA
"192",192,322,"NSW1078656","Mid",30,"Sample","2_Harry",16,NA
"193",193,356,"NSW1078656","High",60,"Sample","65_of",17,9
"194",194,733,"NSW1078641","High",60,"Sample","65_of",17,9
"195",195,354,"NSW1078656","High",60,"Sample","65_of",17,9
"196",196,658,"NSW1079715","High",60,"Sample","65_of",17,9
"197",197,165,"NSW1079701","Low",60,"Sample","65_of",17,9
"198",198,465,"NSW1079692","Low",60,"Sample","65_of",17,9
"199",199,239,"NSW1079677","Low",60,"Sample","65_of",17,9
"200",200,612,"NSW1079715","Low",60,"Sample","65_of",17,9
"201",201,331,"NSW1078656","Mid",60,"Sample","65_of",17,9
"202",202,634,"NSW1079715","Mid",60,"Sample","65_of",17,9
"203",203,488,"NSW1079692","Mid",60,"Sample","65_of",17,9
"204",204,186,"NSW1079701","Mid",60,"Sample","65_of",17,9
"205",205,206,"NSW1079701","High",60,"Sample","66_as",18,3
"206",206,654,"NSW1079715","High",60,"Sample","66_as",18,3
"207",207,584,"NSW1078653","High",60,"Destructive","66_as",18,3
"208",208,507,"NSW1079692","High",60,"Sample","66_as",18,3
"209",209,87,"NSW1079714","Low",60,"Sample","66_as",18,3
"210",210,16,"NSW1079717","Low",60,"Sample","66_as",18,3
"211",211,470,"NSW1079692","Low",60,"Destructive","66_as",18,3
"212",212,618,"NSW1079715","Low",60,"Sample","66_as",18,3
"213",213,708,"NSW1078641","Mid",60,"Sample","66_as",18,3
"214",214,107,"NSW1079714","Mid",60,"Sample","66_as",18,3
"215",215,485,"NSW1079692","Mid",60,"Sample","66_as",18,3
"216",216,106,"NSW1079714","Mid",60,"Sample","66_as",18,3
"217",217,117,"NSW1079714","High",30,"Sample","1_the",19,NA
"218",218,499,"NSW1079692","High",30,"Destructive","1_the",19,NA
"219",219,496,"NSW1079692","High",30,"Sample","1_the",19,NA
"220",220,197,"NSW1079701","High",30,"Sample","1_the",19,NA
"221",221,1,"NSW1079717","Low",30,"Sample","1_the",19,NA
"222",222,377,"NSW1078647","Low",30,"Sample","1_the",19,NA
"223",223,85,"NSW1079714","Low",30,"Destructive","1_the",19,NA
"224",224,605,"NSW1079715","Low",30,"Sample","1_the",19,NA
"225",225,401,"NSW1078647","Mid",30,"Sample","1_the",19,NA
"226",226,698,"NSW1078641","Mid",30,"Sample","1_the",19,NA
"227",227,30,"NSW1079717","Mid",30,"Destructive","1_the",19,NA
"228",228,625,"NSW1079715","Mid",30,"Sample","1_the",19,NA
"229",229,653,"NSW1079715","High",60,"Sample","67_before",20,16
"230",230,577,"NSW1078653","High",60,"Sample","67_before",20,16
"231",231,435,"NSW1078647","High",60,"Destructive","67_before",20,16
"232",232,502,"NSW1079692","High",60,"Sample","67_before",20,16
"233",233,14,"NSW1079717","Low",60,"Sample","67_before",20,16
"234",234,19,"NSW1079717","Low",60,"Destructive","67_before",20,16
"235",235,693,"NSW1078641","Low",60,"Sample","67_before",20,16
"236",236,89,"NSW1079714","Low",60,"Sample","67_before",20,16
"237",237,639,"NSW1079715","Mid",60,"Destructive","67_before",20,16
"238",238,335,"NSW1078656","Mid",60,"Sample","67_before",20,16
"239",239,182,"NSW1079701","Mid",60,"Sample","67_before",20,16
"240",240,261,"NSW1079677","Mid",60,"Sample","67_before",20,16
"241",241,208,"NSW1079701","High",60,"Sample","56_away",21,2
"242",242,429,"NSW1078647","High",60,"Sample","56_away",21,2
"243",243,508,"NSW1079692","High",60,"Sample","56_away",21,2
"244",244,652,"NSW1079715","High",60,"Sample","56_away",21,2
"245",245,12,"NSW1079717","Low",60,"Sample","56_away",21,2
"246",246,94,"NSW1079714","Low",60,"Destructive","56_away",21,2
"247",247,620,"NSW1079715","Low",60,"Destructive","56_away",21,2
"248",248,687,"NSW1078641","Low",60,"Sample","56_away",21,2
"249",249,181,"NSW1079701","Mid",60,"Sample","56_away",21,2
"250",250,707,"NSW1078641","Mid",60,"Sample","56_away",21,2
"251",251,413,"NSW1078647","Mid",60,"Sample","56_away",21,2
"252",252,32,"NSW1079717","Mid",60,"Sample","56_away",21,2
"253",253,54,"NSW1079717","High",60,"Sample","68_I",22,8
"254",254,58,"NSW1079717","High",60,"Sample","68_I",22,8
"255",255,651,"NSW1079715","High",60,"Sample","68_I",22,8
"256",256,277,"NSW1079677","High",60,"Sample","68_I",22,8
"257",257,542,"NSW1078653","Low",60,"Sample","68_I",22,8
"258",258,15,"NSW1079717","Low",60,"Sample","68_I",22,8
"259",259,312,"NSW1078656","Low",60,"Sample","68_I",22,8
"260",260,461,"NSW1079692","Low",60,"Sample","68_I",22,8
"261",261,112,"NSW1079714","Mid",60,"Sample","68_I",22,8
"262",262,409,"NSW1078647","Mid",60,"Sample","68_I",22,8
"263",263,109,"NSW1079714","Mid",60,"Sample","68_I",22,8
"264",264,711,"NSW1078641","Mid",60,"Sample","68_I",22,8
"265",265,199,"NSW1079701","High",30,"Destructive","25_forced",23,NA
"266",266,419,"NSW1078647","High",30,"Sample","25_forced",23,NA
"267",267,42,"NSW1079717","High",30,"Sample","25_forced",23,NA
"268",268,350,"NSW1078656","High",30,"Destructive","25_forced",23,NA
"269",269,382,"NSW1078647","Low",30,"Sample","25_forced",23,NA
"270",270,459,"NSW1079692","Low",30,"Destructive","25_forced",23,NA
"271",271,5,"NSW1079717","Low",30,"Sample","25_forced",23,NA
"272",272,226,"NSW1079677","Low",30,"Sample","25_forced",23,NA
"273",273,627,"NSW1079715","Mid",30,"Sample","25_forced",23,NA
"274",274,548,"NSW1078653","Mid",30,"Sample","25_forced",23,NA
"275",275,624,"NSW1079715","Mid",30,"Sample","25_forced",23,NA
"276",276,247,"NSW1079677","Mid",30,"Sample","25_forced",23,NA
"277",277,133,"NSW1079714","High",60,"Sample","57_initially",24,1
"278",278,660,"NSW1079715","High",60,"Destructive","57_initially",24,1
"279",279,353,"NSW1078656","High",60,"Sample","57_initially",24,1
"280",280,580,"NSW1078653","High",60,"Sample","57_initially",24,1
"281",281,241,"NSW1079677","Low",60,"Sample","57_initially",24,1
"282",282,617,"NSW1079715","Low",60,"Sample","57_initially",24,1
"283",283,316,"NSW1078656","Low",60,"Sample","57_initially",24,1
"284",284,694,"NSW1078641","Low",60,"Destructive","57_initially",24,1
"285",285,265,"NSW1079677","Mid",60,"Destructive","57_initially",24,1
"286",286,565,"NSW1078653","Mid",60,"Destructive","57_initially",24,1
"287",287,414,"NSW1078647","Mid",60,"Destructive","57_initially",24,1
"288",288,709,"NSW1078641","Mid",60,"Sample","57_initially",24,1
"289",289,725,"NSW1078641","High",30,"Destructive","7_initially",25,NA
"290",290,722,"NSW1078641","High",30,"Sample","7_initially",25,NA
"291",291,275,"NSW1079677","High",30,"Destructive","7_initially",25,NA
"292",292,570,"NSW1078653","High",30,"Sample","7_initially",25,NA
"293",293,159,"NSW1079701","Low",30,"Destructive","7_initially",25,NA
"294",294,460,"NSW1079692","Low",30,"Destructive","7_initially",25,NA
"295",295,10,"NSW1079717","Low",30,"Destructive","7_initially",25,NA
"296",296,685,"NSW1078641","Low",30,"Destructive","7_initially",25,NA
"297",297,28,"NSW1079717","Mid",30,"Sample","7_initially",25,NA
"298",298,554,"NSW1078653","Mid",30,"Destructive","7_initially",25,NA
"299",299,105,"NSW1079714","Mid",30,"Destructive","7_initially",25,NA
"300",300,100,"NSW1079714","Mid",30,"Sample","7_initially",25,NA
"301",301,47,"NSW1079717","High",30,"Sample","20_by",26,NA
"302",302,191,"NSW1079701","High",30,"Sample","20_by",26,NA
"303",303,195,"NSW1079701","High",30,"Sample","20_by",26,NA
"304",304,271,"NSW1079677","High",30,"Sample","20_by",26,NA
"305",305,608,"NSW1079715","Low",30,"Sample","20_by",26,NA
"306",306,380,"NSW1078647","Low",30,"Sample","20_by",26,NA
"307",307,610,"NSW1079715","Low",30,"Destructive","20_by",26,NA
"308",308,78,"NSW1079714","Low",30,"Sample","20_by",26,NA
"309",309,27,"NSW1079717","Mid",30,"Sample","20_by",26,NA
"310",310,475,"NSW1079692","Mid",30,"Sample","20_by",26,NA
"311",311,246,"NSW1079677","Mid",30,"Sample","20_by",26,NA
"312",312,172,"NSW1079701","Mid",30,"Sample","20_by",26,NA
"313",313,359,"NSW1078656","High",60,"Destructive","75_forced",27,19
"314",314,209,"NSW1079701","High",60,"Destructive","75_forced",27,19
"315",315,657,"NSW1079715","High",60,"Sample","75_forced",27,19
"316",316,52,"NSW1079717","High",60,"Sample","75_forced",27,19
"317",317,91,"NSW1079714","Low",60,"Sample","75_forced",27,19
"318",318,166,"NSW1079701","Low",60,"Sample","75_forced",27,19
"319",319,611,"NSW1079715","Low",60,"Sample","75_forced",27,19
"320",320,467,"NSW1079692","Low",60,"Sample","75_forced",27,19
"321",321,714,"NSW1078641","Mid",60,"Destructive","75_forced",27,19
"322",322,338,"NSW1078656","Mid",60,"Sample","75_forced",27,19
"323",323,36,"NSW1079717","Mid",60,"Sample","75_forced",27,19
"324",324,188,"NSW1079701","Mid",60,"Sample","75_forced",27,19
"325",325,433,"NSW1078647","High",60,"Sample","64_depicts",28,4
"326",326,279,"NSW1079677","High",60,"Sample","64_depicts",28,4
"327",327,576,"NSW1078653","High",60,"Sample","64_depicts",28,4
"328",328,129,"NSW1079714","High",60,"Sample","64_depicts",28,4
"329",329,689,"NSW1078641","Low",60,"Sample","64_depicts",28,4
"330",330,313,"NSW1078656","Low",60,"Sample","64_depicts",28,4
"331",331,387,"NSW1078647","Low",60,"Sample","64_depicts",28,4
"332",332,462,"NSW1079692","Low",60,"Sample","64_depicts",28,4
"333",333,333,"NSW1078656","Mid",60,"Sample","64_depicts",28,4
"334",334,408,"NSW1078647","Mid",60,"Sample","64_depicts",28,4
"335",335,633,"NSW1079715","Mid",60,"Sample","64_depicts",28,4
"336",336,558,"NSW1078653","Mid",60,"Sample","64_depicts",28,4
"337",337,345,"NSW1078656","High",30,"Sample","18_I",29,NA
"338",338,643,"NSW1079715","High",30,"Sample","18_I",29,NA
"339",339,273,"NSW1079677","High",30,"Sample","18_I",29,NA
"340",340,569,"NSW1078653","High",30,"Sample","18_I",29,NA
"341",341,155,"NSW1079701","Low",30,"Sample","18_I",29,NA
"342",342,301,"NSW1078656","Low",30,"Sample","18_I",29,NA
"343",343,305,"NSW1078656","Low",30,"Sample","18_I",29,NA
"344",344,601,"NSW1079715","Low",30,"Sample","18_I",29,NA
"345",345,623,"NSW1079715","Mid",30,"Sample","18_I",29,NA
"346",346,703,"NSW1078641","Mid",30,"Sample","18_I",29,NA
"347",347,555,"NSW1078653","Mid",30,"Destructive","18_I",29,NA
"348",348,29,"NSW1079717","Mid",30,"Destructive","18_I",29,NA
"349",349,270,"NSW1079677","High",30,"Sample","9_an",30,NA
"350",350,646,"NSW1079715","High",30,"Sample","9_an",30,NA
"351",351,423,"NSW1078647","High",30,"Sample","9_an",30,NA
"352",352,642,"NSW1079715","High",30,"Sample","9_an",30,NA
"353",353,378,"NSW1078647","Low",30,"Sample","9_an",30,NA
"354",354,681,"NSW1078641","Low",30,"Sample","9_an",30,NA
"355",355,160,"NSW1079701","Low",30,"Destructive","9_an",30,NA
"356",356,151,"NSW1079701","Low",30,"Sample","9_an",30,NA
"357",357,25,"NSW1079717","Mid",30,"Sample","9_an",30,NA
"358",358,480,"NSW1079692","Mid",30,"Destructive","9_an",30,NA
"359",359,699,"NSW1078641","Mid",30,"Sample","9_an",30,NA
"360",360,325,"NSW1078656","Mid",30,"Sample","9_an",30,NA
"361",361,498,"NSW1079692","High",30,"Sample","16_as",31,NA
"362",362,417,"NSW1078647","High",30,"Sample","16_as",31,NA
"363",363,198,"NSW1079701","High",30,"Sample","16_as",31,NA
"364",364,118,"NSW1079714","High",30,"Sample","16_as",31,NA
"365",365,454,"NSW1079692","Low",30,"Sample","16_as",31,NA
"366",366,235,"NSW1079677","Low",30,"Destructive","16_as",31,NA
"367",367,310,"NSW1078656","Low",30,"Destructive","16_as",31,NA
"368",368,6,"NSW1079717","Low",30,"Sample","16_as",31,NA
"369",369,478,"NSW1079692","Mid",30,"Sample","16_as",31,NA
"370",370,255,"NSW1079677","Mid",30,"Destructive","16_as",31,NA
"371",371,176,"NSW1079701","Mid",30,"Sample","16_as",31,NA
"372",372,399,"NSW1078647","Mid",30,"Sample","16_as",31,NA
"373",373,46,"NSW1079717","High",30,"Sample","4_has",32,NA
"374",374,268,"NSW1079677","High",30,"Sample","4_has",32,NA
"375",375,424,"NSW1078647","High",30,"Destructive","4_has",32,NA
"376",376,349,"NSW1078656","High",30,"Destructive","4_has",32,NA
"377",377,606,"NSW1079715","Low",30,"Sample","4_has",32,NA
"378",378,303,"NSW1078656","Low",30,"Sample","4_has",32,NA
"379",379,158,"NSW1079701","Low",30,"Sample","4_has",32,NA
"380",380,153,"NSW1079701","Low",30,"Sample","4_has",32,NA
"381",381,104,"NSW1079714","Mid",30,"Destructive","4_has",32,NA
"382",382,400,"NSW1078647","Mid",30,"Sample","4_has",32,NA
"383",383,101,"NSW1079714","Mid",30,"Sample","4_has",32,NA
"384",384,403,"NSW1078647","Mid",30,"Sample","4_has",32,NA
"385",385,194,"NSW1079701","High",30,"Sample","10_slipping",33,NA
"386",386,50,"NSW1079717","High",30,"Destructive","10_slipping",33,NA
"387",387,566,"NSW1078653","High",30,"Sample","10_slipping",33,NA
"388",388,272,"NSW1079677","High",30,"Sample","10_slipping",33,NA
"389",389,2,"NSW1079717","Low",30,"Sample","10_slipping",33,NA
"390",390,152,"NSW1079701","Low",30,"Sample","10_slipping",33,NA
"391",391,452,"NSW1079692","Low",30,"Sample","10_slipping",33,NA
"392",392,604,"NSW1079715","Low",30,"Sample","10_slipping",33,NA
"393",393,629,"NSW1079715","Mid",30,"Destructive","10_slipping",33,NA
"394",394,547,"NSW1078653","Mid",30,"Sample","10_slipping",33,NA
"395",395,103,"NSW1079714","Mid",30,"Sample","10_slipping",33,NA
"396",396,552,"NSW1078653","Mid",30,"Sample","10_slipping",33,NA
"397",397,348,"NSW1078656","High",30,"Sample","15_of",34,NA
"398",398,45,"NSW1079717","High",30,"Sample","15_of",34,NA
"399",399,718,"NSW1078641","High",30,"Sample","15_of",34,NA
"400",400,196,"NSW1079701","High",30,"Sample","15_of",34,NA
"401",401,678,"NSW1078641","Low",30,"Sample","15_of",34,NA
"402",402,379,"NSW1078647","Low",30,"Sample","15_of",34,NA
"403",403,458,"NSW1079692","Low",30,"Sample","15_of",34,NA
"404",404,83,"NSW1079714","Low",30,"Sample","15_of",34,NA
"405",405,330,"NSW1078656","Mid",30,"Destructive","15_of",34,NA
"406",406,550,"NSW1078653","Mid",30,"Sample","15_of",34,NA
"407",407,329,"NSW1078656","Mid",30,"Destructive","15_of",34,NA
"408",408,99,"NSW1079714","Mid",30,"Sample","15_of",34,NA
"409",409,56,"NSW1079717","High",60,"Sample","69_forces",35,15
"410",410,207,"NSW1079701","High",60,"Sample","69_forces",35,15
"411",411,505,"NSW1079692","High",60,"Sample","69_forces",35,15
"412",412,134,"NSW1079714","High",60,"Destructive","69_forces",35,15
"413",413,315,"NSW1078656","Low",60,"Sample","69_forces",35,15
"414",414,393,"NSW1078647","Low",60,"Sample","69_forces",35,15
"415",415,90,"NSW1079714","Low",60,"Sample","69_forces",35,15
"416",416,388,"NSW1078647","Low",60,"Sample","69_forces",35,15
"417",417,183,"NSW1079701","Mid",60,"Sample","69_forces",35,15
"418",418,332,"NSW1078656","Mid",60,"Sample","69_forces",35,15
"419",419,258,"NSW1079677","Mid",60,"Sample","69_forces",35,15
"420",420,39,"NSW1079717","Mid",60,"Destructive","69_forces",35,15
"421",421,641,"NSW1079715","High",30,"Sample","17_before",36,NA
"422",422,649,"NSW1079715","High",30,"Destructive","17_before",36,NA
"423",423,573,"NSW1078653","High",30,"Sample","17_before",36,NA
"424",424,650,"NSW1079715","High",30,"Destructive","17_before",36,NA
"425",425,7,"NSW1079717","Low",30,"Sample","17_before",36,NA
"426",426,8,"NSW1079717","Low",30,"Sample","17_before",36,NA
"427",427,227,"NSW1079677","Low",30,"Sample","17_before",36,NA
"428",428,603,"NSW1079715","Low",30,"Sample","17_before",36,NA
"429",429,248,"NSW1079677","Mid",30,"Sample","17_before",36,NA
"430",430,404,"NSW1078647","Mid",30,"Destructive","17_before",36,NA
"431",431,472,"NSW1079692","Mid",30,"Sample","17_before",36,NA
"432",432,477,"NSW1079692","Mid",30,"Sample","17_before",36,NA
"433",433,267,"NSW1079677","High",30,"Sample","19_forces",37,NA
"434",434,49,"NSW1079717","High",30,"Destructive","19_forces",37,NA
"435",435,719,"NSW1078641","High",30,"Sample","19_forces",37,NA
"436",436,422,"NSW1078647","High",30,"Sample","19_forces",37,NA
"437",437,528,"NSW1078653","Low",30,"Sample","19_forces",37,NA
"438",438,531,"NSW1078653","Low",30,"Sample","19_forces",37,NA
"439",439,385,"NSW1078647","Low",30,"Destructive","19_forces",37,NA
"440",440,232,"NSW1079677","Low",30,"Sample","19_forces",37,NA
"441",441,696,"NSW1078641","Mid",30,"Sample","19_forces",37,NA
"442",442,405,"NSW1078647","Mid",30,"Destructive","19_forces",37,NA
"443",443,704,"NSW1078641","Mid",30,"Destructive","19_forces",37,NA
"444",444,474,"NSW1079692","Mid",30,"Sample","19_forces",37,NA
"445",445,203,"NSW1079701","High",60,"Sample","72_Mark",38,20
"446",446,282,"NSW1079677","High",60,"Sample","72_Mark",38,20
"447",447,284,"NSW1079677","High",60,"Destructive","72_Mark",38,20
"448",448,131,"NSW1079714","High",60,"Sample","72_Mark",38,20
"449",449,245,"NSW1079677","Low",60,"Destructive","72_Mark",38,20
"450",450,615,"NSW1079715","Low",60,"Sample","72_Mark",38,20
"451",451,163,"NSW1079701","Low",60,"Sample","72_Mark",38,20
"452",452,319,"NSW1078656","Low",60,"Destructive","72_Mark",38,20
"453",453,638,"NSW1079715","Mid",60,"Sample","72_Mark",38,20
"454",454,262,"NSW1079677","Mid",60,"Sample","72_Mark",38,20
"455",455,412,"NSW1078647","Mid",60,"Sample","72_Mark",38,20
"456",456,635,"NSW1079715","Mid",60,"Sample","72_Mark",38,20
"457",457,60,"NSW1079717","High",60,"Destructive","58_he",39,13
"458",458,276,"NSW1079677","High",60,"Sample","58_he",39,13
"459",459,730,"NSW1078641","High",60,"Sample","58_he",39,13
"460",460,732,"NSW1078641","High",60,"Sample","58_he",39,13
"461",461,169,"NSW1079701","Low",60,"Destructive","58_he",39,13
"462",462,86,"NSW1079714","Low",60,"Sample","58_he",39,13
"463",463,463,"NSW1079692","Low",60,"Sample","58_he",39,13
"464",464,162,"NSW1079701","Low",60,"Sample","58_he",39,13
"465",465,264,"NSW1079677","Mid",60,"Destructive","58_he",39,13
"466",466,411,"NSW1078647","Mid",60,"Sample","58_he",39,13
"467",467,564,"NSW1078653","Mid",60,"Destructive","58_he",39,13
"468",468,710,"NSW1078641","Mid",60,"Sample","58_he",39,13
"469",469,418,"NSW1078647","High",30,"Sample","23_she",40,NA
"470",470,647,"NSW1079715","High",30,"Sample","23_she",40,NA
"471",471,721,"NSW1078641","High",30,"Sample","23_she",40,NA
"472",472,492,"NSW1079692","High",30,"Sample","23_she",40,NA
"473",473,602,"NSW1079715","Low",30,"Sample","23_she",40,NA
"474",474,154,"NSW1079701","Low",30,"Sample","23_she",40,NA
"475",475,532,"NSW1078653","Low",30,"Sample","23_she",40,NA
"476",476,534,"NSW1078653","Low",30,"Destructive","23_she",40,NA
"477",477,23,"NSW1079717","Mid",30,"Sample","23_she",40,NA
"478",478,546,"NSW1078653","Mid",30,"Sample","23_she",40,NA
"479",479,253,"NSW1079677","Mid",30,"Sample","23_she",40,NA
"480",480,21,"NSW1079717","Mid",30,"Sample","23_she",40,NA
"481",481,41,"NSW1079717","High",30,"Sample","5_paying",41,NA
"482",482,491,"NSW1079692","High",30,"Sample","5_paying",41,NA
"483",483,571,"NSW1078653","High",30,"Sample","5_paying",41,NA
"484",484,116,"NSW1079714","High",30,"Sample","5_paying",41,NA
"485",485,683,"NSW1078641","Low",30,"Sample","5_paying",41,NA
"486",486,304,"NSW1078656","Low",30,"Sample","5_paying",41,NA
"487",487,680,"NSW1078641","Low",30,"Sample","5_paying",41,NA
"488",488,535,"NSW1078653","Low",30,"Destructive","5_paying",41,NA
"489",489,251,"NSW1079677","Mid",30,"Sample","5_paying",41,NA
"490",490,701,"NSW1078641","Mid",30,"Sample","5_paying",41,NA
"491",491,324,"NSW1078656","Mid",30,"Sample","5_paying",41,NA
"492",492,254,"NSW1079677","Mid",30,"Destructive","5_paying",41,NA
"493",493,581,"NSW1078653","High",60,"Sample","59_an",42,18
"494",494,503,"NSW1079692","High",60,"Sample","59_an",42,18
"495",495,432,"NSW1078647","High",60,"Sample","59_an",42,18
"496",496,431,"NSW1078647","High",60,"Sample","59_an",42,18
"497",497,164,"NSW1079701","Low",60,"Sample","59_an",42,18
"498",498,543,"NSW1078653","Low",60,"Sample","59_an",42,18
"499",499,311,"NSW1078656","Low",60,"Sample","59_an",42,18
"500",500,692,"NSW1078641","Low",60,"Sample","59_an",42,18
"501",501,563,"NSW1078653","Mid",60,"Sample","59_an",42,18
"502",502,35,"NSW1079717","Mid",60,"Sample","59_an",42,18
"503",503,632,"NSW1079715","Mid",60,"Sample","59_an",42,18
"504",504,263,"NSW1079677","Mid",60,"Sample","59_an",42,18
"505",505,280,"NSW1079677","High",60,"Sample","60_slipping",43,22
"506",506,351,"NSW1078656","High",60,"Sample","60_slipping",43,22
"507",507,358,"NSW1078656","High",60,"Sample","60_slipping",43,22
"508",508,57,"NSW1079717","High",60,"Sample","60_slipping",43,22
"509",509,538,"NSW1078653","Low",60,"Sample","60_slipping",43,22
"510",510,161,"NSW1079701","Low",60,"Sample","60_slipping",43,22
"511",511,17,"NSW1079717","Low",60,"Sample","60_slipping",43,22
"512",512,690,"NSW1078641","Low",60,"Sample","60_slipping",43,22
"513",513,713,"NSW1078641","Mid",60,"Sample","60_slipping",43,22
"514",514,631,"NSW1079715","Mid",60,"Sample","60_slipping",43,22
"515",515,415,"NSW1078647","Mid",60,"Destructive","60_slipping",43,22
"516",516,483,"NSW1079692","Mid",60,"Sample","60_slipping",43,22
"517",517,430,"NSW1078647","High",60,"Sample","62_realizes",44,12
"518",518,128,"NSW1079714","High",60,"Sample","62_realizes",44,12
"519",519,285,"NSW1079677","High",60,"Destructive","62_realizes",44,12
"520",520,426,"NSW1078647","High",60,"Sample","62_realizes",44,12
"521",521,93,"NSW1079714","Low",60,"Sample","62_realizes",44,12
"522",522,540,"NSW1078653","Low",60,"Sample","62_realizes",44,12
"523",523,317,"NSW1078656","Low",60,"Sample","62_realizes",44,12
"524",524,13,"NSW1079717","Low",60,"Sample","62_realizes",44,12
"525",525,184,"NSW1079701","Mid",60,"Sample","62_realizes",44,12
"526",526,407,"NSW1078647","Mid",60,"Sample","62_realizes",44,12
"527",527,560,"NSW1078653","Mid",60,"Sample","62_realizes",44,12
"528",528,557,"NSW1078653","Mid",60,"Sample","62_realizes",44,12
"529",529,727,"NSW1078641","High",60,"Sample","74_mainland",45,23
"530",530,53,"NSW1079717","High",60,"Sample","74_mainland",45,23
"531",531,585,"NSW1078653","High",60,"Destructive","74_mainland",45,23
"532",532,283,"NSW1079677","High",60,"Sample","74_mainland",45,23
"533",533,392,"NSW1078647","Low",60,"Sample","74_mainland",45,23
"534",534,544,"NSW1078653","Low",60,"Destructive","74_mainland",45,23
"535",535,88,"NSW1079714","Low",60,"Sample","74_mainland",45,23
"536",536,686,"NSW1078641","Low",60,"Sample","74_mainland",45,23
"537",537,712,"NSW1078641","Mid",60,"Sample","74_mainland",45,23
"538",538,562,"NSW1078653","Mid",60,"Sample","74_mainland",45,23
"539",539,715,"NSW1078641","Mid",60,"Destructive","74_mainland",45,23
"540",540,489,"NSW1079692","Mid",60,"Destructive","74_mainland",45,23
"541",541,723,"NSW1078641","High",30,"Sample","11_novel",46,NA
"542",542,266,"NSW1079677","High",30,"Sample","11_novel",46,NA
"543",543,274,"NSW1079677","High",30,"Destructive","11_novel",46,NA
"544",544,497,"NSW1079692","High",30,"Sample","11_novel",46,NA
"545",545,228,"NSW1079677","Low",30,"Sample","11_novel",46,NA
"546",546,682,"NSW1078641","Low",30,"Sample","11_novel",46,NA
"547",547,309,"NSW1078656","Low",30,"Destructive","11_novel",46,NA
"548",548,302,"NSW1078656","Low",30,"Sample","11_novel",46,NA
"549",549,622,"NSW1079715","Mid",30,"Sample","11_novel",46,NA
"550",550,697,"NSW1078641","Mid",30,"Sample","11_novel",46,NA
"551",551,26,"NSW1079717","Mid",30,"Sample","11_novel",46,NA
"552",552,98,"NSW1079714","Mid",30,"Sample","11_novel",46,NA
"553",553,344,"NSW1078656","High",30,"Sample","13_Mr.",47,NA
"554",554,48,"NSW1079717","High",30,"Sample","13_Mr.",47,NA
"555",555,575,"NSW1078653","High",30,"Destructive","13_Mr.",47,NA
"556",556,574,"NSW1078653","High",30,"Destructive","13_Mr.",47,NA
"557",557,308,"NSW1078656","Low",30,"Sample","13_Mr.",47,NA
"558",558,79,"NSW1079714","Low",30,"Sample","13_Mr.",47,NA
"559",559,381,"NSW1078647","Low",30,"Sample","13_Mr.",47,NA
"560",560,455,"NSW1079692","Low",30,"Sample","13_Mr.",47,NA
"561",561,328,"NSW1078656","Mid",30,"Sample","13_Mr.",47,NA
"562",562,479,"NSW1079692","Mid",30,"Destructive","13_Mr.",47,NA
"563",563,102,"NSW1079714","Mid",30,"Sample","13_Mr.",47,NA
"564",564,327,"NSW1078656","Mid",30,"Sample","13_Mr.",47,NA
"565",565,494,"NSW1079692","High",30,"Sample","24_mainland",48,NA
"566",566,716,"NSW1078641","High",30,"Sample","24_mainland",48,NA
"567",567,125,"NSW1079714","High",30,"Destructive","24_mainland",48,NA
"568",568,269,"NSW1079677","High",30,"Sample","24_mainland",48,NA
"569",569,307,"NSW1078656","Low",30,"Sample","24_mainland",48,NA
"570",570,234,"NSW1079677","Low",30,"Destructive","24_mainland",48,NA
"571",571,231,"NSW1079677","Low",30,"Sample","24_mainland",48,NA
"572",572,526,"NSW1078653","Low",30,"Sample","24_mainland",48,NA
"573",573,553,"NSW1078653","Mid",30,"Sample","24_mainland",48,NA
"574",574,700,"NSW1078641","Mid",30,"Sample","24_mainland",48,NA
"575",575,397,"NSW1078647","Mid",30,"Sample","24_mainland",48,NA
"576",576,323,"NSW1078656","Mid",30,"Sample","24_mainland",48,NA
"577",577,493,"NSW1079692","High",30,"Sample","12_realizes",49,NA
"578",578,500,"NSW1079692","High",30,"Destructive","12_realizes",49,NA
"579",579,568,"NSW1078653","High",30,"Sample","12_realizes",49,NA
"580",580,724,"NSW1078641","High",30,"Destructive","12_realizes",49,NA
"581",581,230,"NSW1079677","Low",30,"Sample","12_realizes",49,NA
"582",582,679,"NSW1078641","Low",30,"Sample","12_realizes",49,NA
"583",583,677,"NSW1078641","Low",30,"Sample","12_realizes",49,NA
"584",584,533,"NSW1078653","Low",30,"Sample","12_realizes",49,NA
"585",585,252,"NSW1079677","Mid",30,"Sample","12_realizes",49,NA
"586",586,326,"NSW1078656","Mid",30,"Sample","12_realizes",49,NA
"587",587,24,"NSW1079717","Mid",30,"Sample","12_realizes",49,NA
"588",588,705,"NSW1078641","Mid",30,"Destructive","12_realizes",49,NA
"589",589,726,"NSW1078641","High",60,"Sample","51_the",50,21
"590",590,355,"NSW1078656","High",60,"Sample","51_the",50,21
"591",591,728,"NSW1078641","High",60,"Sample","51_the",50,21
"592",592,59,"NSW1079717","High",60,"Destructive","51_the",50,21
"593",593,11,"NSW1079717","Low",60,"Sample","51_the",50,21
"594",594,537,"NSW1078653","Low",60,"Sample","51_the",50,21
"595",595,695,"NSW1078641","Low",60,"Destructive","51_the",50,21
"596",596,394,"NSW1078647","Low",60,"Destructive","51_the",50,21
"597",597,115,"NSW1079714","Mid",60,"Destructive","51_the",50,21
"598",598,636,"NSW1079715","Mid",60,"Sample","51_the",50,21
"599",599,334,"NSW1078656","Mid",60,"Sample","51_the",50,21
"600",600,108,"NSW1079714","Mid",60,"Sample","51_the",50,21
